,fdr_re,avg_re,rsquare_re,sharp_re,fund_size_re,return_gap_re,treynor_re,stock_re,fund_re
annual return,0.0520828264400013,0.10826352901084524,0.15003522988863238,0.14910311251207367,0.16259638823966222,0.1762217868151883,0.15483993287577455,0.012314000000000023,0.012314000000000023
sigma,0.048089929398313,0.045344249724224,0.05828337521979919,0.04645485580991744,0.04670158679175213,0.07850944855614594,0.045993792394263926,0.042020720513482664,0.042020720513482664
sharp,0.08948436281729702,0.1972725707066588,0.21269402943343757,0.265193171947791,0.2876643227424022,0.18545750741510295,0.27815732344197874,0.024216132767440945,0.024216132767440945
alpha_Carhart,0.0008066233937658496,0.0032371390264317734,0.006672196987764282,0.006047557304744768,0.006642789909581748,0.00795583955771059,0.0068438709785939526,-0.0031272997557561175,-0.0031272997557561175
alpha_FF,-0.001485159407343381,0.00750972507603099,0.010872339277364161,0.012392648631299644,0.01656061463799633,0.020012026221610572,0.014977858383350265,-0.0016860860779513705,-0.0016860860779513705
